Invoice ID,Branch,City,Customer type,Gender,Número da Fatura,Filial,Cidade,Tipo de Cliente,Gênero,Linha de Produto,Preço Unitário,Quantidade,Imposto 5%,Total,Data,Hora,Pagamento,COGS,Percentual de Margem Bruta,Renda Bruta,Classificação,,,
0,750-67-8428,A,São Paulo,Membro,Feminino,Saúde e beleza,74,69,7,26,1415,548,9715,1/5/2019,13:08,Carteira digital,522,83,4,761904762,26,1415,9,1
1,226-31-3081,C,Rio de Janeiro,Normal,Feminino,Acessórios eletrônicos,15,28,5,3,82,80,22,3/8/2019,10:29,Dinheiro,76,4,4,761904762,3,82,9,6
2,631-41-3108,A,São Paulo,Normal,Masculino,Casa e estilo de vida,46,33,7,16,2155,340,5255,3/3/2019,13:23,Cartão de crédito,324,31,4,761904762,16,2155,7,4
3,123-19-1176,A,São Paulo,Membro,Masculino,Saúde e beleza,58,22,8,23,288,489,48,1/27/2019,20:33,Carteira digital,465,76,4,761904762,23,288,8,4
4,373-73-7910,A,São Paulo,Normal,Masculino,Esportes e viagens,86,31,7,30,2085,634,3785,2/8/2019,10:37,Carteira digital,604,17,4,761904762,30,2085,5,3
5,699-14-3026,C,Rio de Janeiro,Normal,Masculino,Acessórios eletrônicos,85,39,7,29,8865,627,6165,3/25/2019,18:30,Carteira digital,597,73,4,761904762,29,8865,4,1
6,355-53-5943,A,São Paulo,Membro,Feminino,Acessórios eletrônicos,68,84,6,20,652,433,692,2/25/2019,14:36,Carteira digital,413,4,4,761904762,20,652,5,8
7,315-22-5665,C,Rio de Janeiro,Normal,Feminino,Casa e estilo de vida,73,56,10,36,78,772,38,2/24/2019,11:38,Carteira digital,735,6,4,761904762,36,78,8,0
8,665-32-9167,A,São Paulo,Membro,Feminino,Saúde e beleza,36,26,2,3,626,76,146,1/10/2019,17:15,Cartão de crédito,72,52,4,761904762,3,626,7,2
9,692-92-5582,B,Brasília,Membro,Feminino,Alimentos e bebidas,54,84,3,8,226,172,746,2/20/2019,13:27,Cartão de crédito,164,52,4,761904762,8,226,5,9
10,351-62-0822,B,Brasília,Membro,Feminino,Moda e acessórios,14,48,4,2,896,60,816,2/6/2019,18:07,Carteira digital,57,92,4,761904762,2,896,4,5
11,529-56-3974,B,Brasília,Membro,Masculino,Acessórios eletrônicos,25,51,4,5,102,107,142,3/9/2019,17:03,Dinheiro,102,4,4,761904762,5,102,6,8
12,365-64-0515,A,São Paulo,Normal,Feminino,Acessórios eletrônicos,46,95,5,11,7375,246,4875,2/12/2019,10:25,Carteira digital,234,75,4,761904762,11,7375,7,1
13,252-56-2699,A,São Paulo,Normal,Masculino,Alimentos e bebidas,43,19,10,21,595,453,495,2/7/2019,16:48,Carteira digital,431,9,4,761904762,21,595,8,2
14,829-34-3910,A,São Paulo,Normal,Feminino,Saúde e beleza,71,38,10,35,69,749,49,3/29/2019,19:21,Dinheiro,713,8,4,761904762,35,69,5,7
15,299-46-1805,B,Brasília,Membro,Feminino,Esportes e viagens,93,72,6,28,116,590,436,1/15/2019,16:19,Dinheiro,562,32,4,761904762,28,116,4,5
16,656-95-9349,A,São Paulo,Membro,Feminino,Saúde e beleza,68,93,7,24,1255,506,6355,3/11/2019,11:03,Cartão de crédito,482,51,4,761904762,24,1255,4,6
17,765-26-6951,A,São Paulo,Normal,Masculino,Esportes e viagens,72,61,6,21,783,457,443,1/1/2019,10:39,Cartão de crédito,435,66,4,761904762,21,783,6,9
18,329-62-1586,A,São Paulo,Normal,Masculino,Alimentos e bebidas,54,67,3,8,2005,172,2105,1/21/2019,18:00,Cartão de crédito,164,1,4,761904762,8,2005,8,6
19,319-50-3348,B,Brasília,Normal,Feminino,Casa e estilo de vida,40,3,2,4,3,84,63,3/11/2019,15:30,Carteira digital,80,6,4,761904762,4,3,4,4
20,300-71-4605,C,Rio de Janeiro,Membro,Masculino,Acessórios eletrônicos,86,4,5,21,51,451,71,2/25/2019,11:24,Carteira digital,430,2,4,761904762,21,51,4,8
21,371-85-5789,B,Brasília,Normal,Masculino,Saúde e beleza,87,98,3,13,197,277,137,3/5/2019,10:40,Carteira digital,263,94,4,761904762,13,197,5,1
22,273-16-6619,B,Brasília,Normal,Masculino,Casa e estilo de vida,33,2,2,3,32,69,72,3/15/2019,12:20,Cartão de crédito,66,4,4,761904762,3,32,4,4
23,636-48-8204,A,São Paulo,Normal,Masculino,Acessórios eletrônicos,34,56,5,8,64,181,44,2/17/2019,11:15,Carteira digital,172,8,4,761904762,8,64,9,9
24,549-59-1358,A,São Paulo,Membro,Masculino,Esportes e viagens,88,63,3,13,2945,279,1845,3/2/2019,17:36,Carteira digital,265,89,4,761904762,13,2945,6,0
25,227-03-5010,A,São Paulo,Membro,Feminino,Casa e estilo de vida,52,59,8,21,36,441,756,3/22/2019,19:20,Cartão de crédito,420,72,4,761904762,21,36,8,5
26,649-29-6775,B,Brasília,Normal,Masculino,Moda e acessórios,33,52,1,1,676,35,196,2/8/2019,15:31,Dinheiro,33,52,4,761904762,1,676,6,7
27,189-17-4241,A,São Paulo,Normal,Feminino,Moda e acessórios,87,67,2,8,767,184,107,3/10/2019,12:17,Cartão de crédito,175,34,4,761904762,8,767,7,7
28,145-94-9061,B,Brasília,Normal,Feminino,Alimentos e bebidas,88,36,5,22,9,463,89,1/25/2019,19:48,Dinheiro,441,8,4,761904762,22,9,9,6
29,848-62-7243,A,São Paulo,Normal,Masculino,Saúde e beleza,24,89,9,11,2005,235,2105,3/15/2019,15:36,Dinheiro,224,1,4,761904762,11,2005,7,4
30,871-79-8483,B,Brasília,Normal,Masculino,Moda e acessórios,94,13,5,23,5325,494,1825,2/25/2019,19:39,Cartão de crédito,470,65,4,761904762,23,5325,4,8
31,149-71-6266,B,Brasília,Membro,Masculino,Esportes e viagens,78,7,9,35,1315,737,7615,1/28/2019,12:43,Dinheiro,702,63,4,761904762,35,1315,4,5
32,640-49-2076,B,Brasília,Normal,Masculino,Esportes e viagens,83,78,8,33,512,703,752,1/10/2019,14:49,Dinheiro,670,24,4,761904762,33,512,5,1
33,595-11-5460,A,São Paulo,Normal,Masculino,Saúde e beleza,96,58,2,9,658,202,818,3/15/2019,10:12,Cartão de crédito,193,16,4,761904762,9,658,5,1
34,183-56-6882,C,Rio de Janeiro,Membro,Feminino,Alimentos e bebidas,99,42,4,19,884,417,564,2/6/2019,10:42,Carteira digital,397,68,4,761904762,19,884,7,5
35,232-16-2483,C,Rio de Janeiro,Membro,Feminino,Esportes e viagens,68,12,1,3,406,71,526,1/7/2019,12:28,Carteira digital,68,12,4,761904762,3,406,6,8
36,129-29-8530,A,São Paulo,Membro,Masculino,Esportes e viagens,62,62,5,15,655,328,755,3/10/2019,19:15,Carteira digital,313,1,4,761904762,15,655,7,0
37,272-65-1806,A,São Paulo,Normal,Feminino,Acessórios eletrônicos,60,88,9,27,396,575,316,1/15/2019,17:17,Carteira digital,547,92,4,761904762,27,396,4,7
38,333-73-7901,C,Rio de Janeiro,Normal,Feminino,Saúde e beleza,54,92,8,21,968,461,328,3/23/2019,13:24,Carteira digital,439,36,4,761904762,21,968,7,6
39,777-82-7220,B,Brasília,Membro,Masculino,Casa e estilo de vida,30,12,8,12,48,253,8,3/3/2019,13:01,Dinheiro,240,96,4,761904762,12,48,7,7
40,280-35-5823,B,Brasília,Membro,Feminino,Casa e estilo de vida,86,72,1,4,336,91,56,1/17/2019,18:45,Carteira digital,86,72,4,761904762,4,336,7,9
41,554-53-8700,C,Rio de Janeiro,Membro,Masculino,Casa e estilo de vida,56,11,2,5,611,117,831,2/2/2019,10:11,Dinheiro,112,22,4,761904762,5,611,6,3
42,354-25-5821,B,Brasília,Membro,Feminino,Esportes e viagens,69,12,6,20,736,435,456,2/8/2019,13:03,Dinheiro,414,72,4,761904762,20,736,5,6
43,228-96-1411,C,Rio de Janeiro,Membro,Feminino,Alimentos e bebidas,98,7,8,39,48,829,8,3/4/2019,20:39,Dinheiro,789,6,4,761904762,39,48,7,6
44,617-15-4209,C,Rio de Janeiro,Membro,Masculino,Saúde e beleza,15,37,2,1,537,32,277,3/16/2019,19:47,Dinheiro,30,74,4,761904762,1,537,7,2
45,132-32-9879,B,Brasília,Membro,Feminino,Acessórios eletrônicos,93,96,4,18,792,394,632,3/9/2019,18:00,Dinheiro,375,84,4,761904762,18,792,9,5
46,370-41-7321,B,Brasília,Membro,Masculino,Saúde e beleza,56,69,9,25,5105,535,7205,2/27/2019,17:24,Cartão de crédito,510,21,4,761904762,25,5105,8,4
47,727-46-3608,B,Brasília,Membro,Feminino,Alimentos e bebidas,20,1,9,9,45,189,945,2/6/2019,15:47,Carteira digital,180,9,4,761904762,9,45,4,1
48,669-54-1719,B,Brasília,Membro,Masculino,Acessórios eletrônicos,18,93,6,5,679,119,259,2/10/2019,12:45,Cartão de crédito,113,58,4,761904762,5,679,8,1
